,A,D,F,G,H,I,L,P,R,V,Y
7,,,,,,1.171082949,,,,0.764285714,
19,,,0.764285714,,,0.955357143,,,,,
26,2.24789916,,,,,,0.409438776,,,0.972727273,
29,,,1.910714286,,1.201900922,,,,,,0.81440281
30,1.659304511,,,,,,,,,0.846793831,
33,,,1.082738095,,0.913819876,,0.298549107,,,,1.207715633
34,1.28765528,,,,,,,,,0.921237245,
37,2.518668831,,,,,,0.390216298,5.254464286,,1.055921053,
45,,,,,,1.124855991,,,,0.82797619,
49,0.901534205,,,1.194196429,,,,,,,
51,,0.889012897,,1.228316327,,,,,,,
52,,,,,,,1.228316327,,0.875744048,,
53,,,,,,,,,1.228316327,0.889012897,
60,0.733181063,,,,,,,,,1.179268973,